[{"name":"corian fiber mouse NH-158","categories":["electronics"],"price":1134,"brand":"samsung","image":"assets/images/product/new/mouse-3.jpg"},{"name":"ivory copper gel FA-441","categories":["health-and-beauty","sport-and-fitness"],"price":{"min":1032,"max":1129},"brand":"apple","image":"assets/images/product/new/gel-2.jpg"},{"name":"rubber porcelain ball QD-408","categories":["sport-and-fitness"],"price":1547,"brand":"nokia","image":"assets/images/product/new/ball-2.jpg"},{"name":"ceiling ring YO-446","categories":["fashion"],"price":{"min":954,"max":1170},"brand":"nokia","image":"assets/images/product/new/ring-1.jpg"},{"name":"gold wheel NL-713","categories":["home-and-garden"],"price":1134,"brand":"apple","image":"assets/images/product/new/wheel-1.jpg"},{"name":"concrete ring AX-49","categories":["fashion"],"price":{"min":750,"max":1156},"brand":"xiaomi","image":"assets/images/product/new/ring-2.jpg"},{"name":"cotton gel YX-625","categories":["health-and-beauty","sport-and-fitness"],"price":{"min":65,"max":453},"brand":"samsung","image":"assets/images/product/new/gel-3.jpg"},{"name":"canvas headphones AT-471","categories":["phone-and-accessories"],"price":1298,"brand":"nokia","image":"assets/images/product/new/headphones-1.jpg"},{"name":"twig plastic tool VR-423","categories":["home-and-garden","electronics"],"price":{"min":584,"max":744},"brand":"nokia","image":"assets/images/product/new/tool-1.jpg"},{"name":"leather ring FP-567","categories":["fashion"],"price":1466,"brand":"xiaomi","image":"assets/images/product/new/ring-1.jpg"}]